name	timestamp	run_id	partition	program	status	time_end2end	nb_atoms	command
doctors	2023-03-12 19:29:47.211894	0	0010000	q01	success	  1.776244	837	/home/datalog-benchmarking/datalog-benchmarking/bin/vadalog-wrapper --program /home/datalog-benchmarking/datalog-benchmarking/datasets/doctors/vadalog/queries/q01.txt --bind medprescription:csv:/home/datalog-benchmarking/datalog-benchmarking/datasets/doctors/vadalog/data/0010000/medprescription.data hospital:csv:/home/datalog-benchmarking/datalog-benchmarking/datasets/doctors/vadalog/data/0010000/hospital.data physician:csv:/home/datalog-benchmarking/datalog-benchmarking/datasets/doctors/vadalog/data/0010000/physician.data treatment:csv:/home/datalog-benchmarking/datalog-benchmarking/datasets/doctors/vadalog/data/0010000/treatment.data --working-dir results/chasebench/doctors/vadalog/0010000/q01/run-0 --set terminationStrategyMode=lightMode
doctors	2023-03-12 19:29:55.658376	1	0010000	q01	success	  1.774886	837	/home/datalog-benchmarking/datalog-benchmarking/bin/vadalog-wrapper --program /home/datalog-benchmarking/datalog-benchmarking/datasets/doctors/vadalog/queries/q01.txt --bind medprescription:csv:/home/datalog-benchmarking/datalog-benchmarking/datasets/doctors/vadalog/data/0010000/medprescription.data hospital:csv:/home/datalog-benchmarking/datalog-benchmarking/datasets/doctors/vadalog/data/0010000/hospital.data physician:csv:/home/datalog-benchmarking/datalog-benchmarking/datasets/doctors/vadalog/data/0010000/physician.data treatment:csv:/home/datalog-benchmarking/datalog-benchmarking/datasets/doctors/vadalog/data/0010000/treatment.data --working-dir results/chasebench/doctors/vadalog/0010000/q01/run-1 --set terminationStrategyMode=lightMode
doctors	2023-03-12 19:30:04.068370	2	0010000	q01	success	  1.624991	837	/home/datalog-benchmarking/datalog-benchmarking/bin/vadalog-wrapper --program /home/datalog-benchmarking/datalog-benchmarking/datasets/doctors/vadalog/queries/q01.txt --bind medprescription:csv:/home/datalog-benchmarking/datalog-benchmarking/datasets/doctors/vadalog/data/0010000/medprescription.data hospital:csv:/home/datalog-benchmarking/datalog-benchmarking/datasets/doctors/vadalog/data/0010000/hospital.data physician:csv:/home/datalog-benchmarking/datalog-benchmarking/datasets/doctors/vadalog/data/0010000/physician.data treatment:csv:/home/datalog-benchmarking/datalog-benchmarking/datasets/doctors/vadalog/data/0010000/treatment.data --working-dir results/chasebench/doctors/vadalog/0010000/q01/run-2 --set terminationStrategyMode=lightMode
doctors	2023-03-12 19:30:12.306829	0	0100000	q01	success	  4.441515	1000	/home/datalog-benchmarking/datalog-benchmarking/bin/vadalog-wrapper --program /home/datalog-benchmarking/datalog-benchmarking/datasets/doctors/vadalog/queries/q01.txt --bind medprescription:csv:/home/datalog-benchmarking/datalog-benchmarking/datasets/doctors/vadalog/data/0100000/medprescription.data hospital:csv:/home/datalog-benchmarking/datalog-benchmarking/datasets/doctors/vadalog/data/0100000/hospital.data physician:csv:/home/datalog-benchmarking/datalog-benchmarking/datasets/doctors/vadalog/data/0100000/physician.data treatment:csv:/home/datalog-benchmarking/datalog-benchmarking/datasets/doctors/vadalog/data/0100000/treatment.data --working-dir results/chasebench/doctors/vadalog/0100000/q01/run-0 --set terminationStrategyMode=lightMode
doctors	2023-03-12 19:30:23.317196	1	0100000	q01	success	  4.488812	1000	/home/datalog-benchmarking/datalog-benchmarking/bin/vadalog-wrapper --program /home/datalog-benchmarking/datalog-benchmarking/datasets/doctors/vadalog/queries/q01.txt --bind medprescription:csv:/home/datalog-benchmarking/datalog-benchmarking/datasets/doctors/vadalog/data/0100000/medprescription.data hospital:csv:/home/datalog-benchmarking/datalog-benchmarking/datasets/doctors/vadalog/data/0100000/hospital.data physician:csv:/home/datalog-benchmarking/datalog-benchmarking/datasets/doctors/vadalog/data/0100000/physician.data treatment:csv:/home/datalog-benchmarking/datalog-benchmarking/datasets/doctors/vadalog/data/0100000/treatment.data --working-dir results/chasebench/doctors/vadalog/0100000/q01/run-1 --set terminationStrategyMode=lightMode
doctors	2023-03-12 19:30:34.401676	2	0100000	q01	success	  4.481646	1000	/home/datalog-benchmarking/datalog-benchmarking/bin/vadalog-wrapper --program /home/datalog-benchmarking/datalog-benchmarking/datasets/doctors/vadalog/queries/q01.txt --bind medprescription:csv:/home/datalog-benchmarking/datalog-benchmarking/datasets/doctors/vadalog/data/0100000/medprescription.data hospital:csv:/home/datalog-benchmarking/datalog-benchmarking/datasets/doctors/vadalog/data/0100000/hospital.data physician:csv:/home/datalog-benchmarking/datalog-benchmarking/datasets/doctors/vadalog/data/0100000/physician.data treatment:csv:/home/datalog-benchmarking/datalog-benchmarking/datasets/doctors/vadalog/data/0100000/treatment.data --working-dir results/chasebench/doctors/vadalog/0100000/q01/run-2 --set terminationStrategyMode=lightMode
doctors	2023-03-12 19:30:45.442466	0	0500000	q01	success	  6.037730	1000	/home/datalog-benchmarking/datalog-benchmarking/bin/vadalog-wrapper --program /home/datalog-benchmarking/datalog-benchmarking/datasets/doctors/vadalog/queries/q01.txt --bind medprescription:csv:/home/datalog-benchmarking/datalog-benchmarking/datasets/doctors/vadalog/data/0500000/medprescription.data hospital:csv:/home/datalog-benchmarking/datalog-benchmarking/datasets/doctors/vadalog/data/0500000/hospital.data physician:csv:/home/datalog-benchmarking/datalog-benchmarking/datasets/doctors/vadalog/data/0500000/physician.data treatment:csv:/home/datalog-benchmarking/datalog-benchmarking/datasets/doctors/vadalog/data/0500000/treatment.data --working-dir results/chasebench/doctors/vadalog/0500000/q01/run-0 --set terminationStrategyMode=lightMode
doctors	2023-03-12 19:30:58.109830	1	0500000	q01	success	  6.647593	1000	/home/datalog-benchmarking/datalog-benchmarking/bin/vadalog-wrapper --program /home/datalog-benchmarking/datalog-benchmarking/datasets/doctors/vadalog/queries/q01.txt --bind medprescription:csv:/home/datalog-benchmarking/datalog-benchmarking/datasets/doctors/vadalog/data/0500000/medprescription.data hospital:csv:/home/datalog-benchmarking/datalog-benchmarking/datasets/doctors/vadalog/data/0500000/hospital.data physician:csv:/home/datalog-benchmarking/datalog-benchmarking/datasets/doctors/vadalog/data/0500000/physician.data treatment:csv:/home/datalog-benchmarking/datalog-benchmarking/datasets/doctors/vadalog/data/0500000/treatment.data --working-dir results/chasebench/doctors/vadalog/0500000/q01/run-1 --set terminationStrategyMode=lightMode
doctors	2023-03-12 19:31:11.325527	2	0500000	q01	success	  6.199503	1000	/home/datalog-benchmarking/datalog-benchmarking/bin/vadalog-wrapper --program /home/datalog-benchmarking/datalog-benchmarking/datasets/doctors/vadalog/queries/q01.txt --bind medprescription:csv:/home/datalog-benchmarking/datalog-benchmarking/datasets/doctors/vadalog/data/0500000/medprescription.data hospital:csv:/home/datalog-benchmarking/datalog-benchmarking/datasets/doctors/vadalog/data/0500000/hospital.data physician:csv:/home/datalog-benchmarking/datalog-benchmarking/datasets/doctors/vadalog/data/0500000/physician.data treatment:csv:/home/datalog-benchmarking/datalog-benchmarking/datasets/doctors/vadalog/data/0500000/treatment.data --working-dir results/chasebench/doctors/vadalog/0500000/q01/run-2 --set terminationStrategyMode=lightMode
doctors	2023-03-12 19:31:24.064385	0	1000000	q01	success	  6.688519	1000	/home/datalog-benchmarking/datalog-benchmarking/bin/vadalog-wrapper --program /home/datalog-benchmarking/datalog-benchmarking/datasets/doctors/vadalog/queries/q01.txt --bind medprescription:csv:/home/datalog-benchmarking/datalog-benchmarking/datasets/doctors/vadalog/data/1000000/medprescription.data hospital:csv:/home/datalog-benchmarking/datalog-benchmarking/datasets/doctors/vadalog/data/1000000/hospital.data physician:csv:/home/datalog-benchmarking/datalog-benchmarking/datasets/doctors/vadalog/data/1000000/physician.data treatment:csv:/home/datalog-benchmarking/datalog-benchmarking/datasets/doctors/vadalog/data/1000000/treatment.data --working-dir results/chasebench/doctors/vadalog/1000000/q01/run-0 --set terminationStrategyMode=lightMode
doctors	2023-03-12 19:31:37.308784	1	1000000	q01	success	  6.245097	1000	/home/datalog-benchmarking/datalog-benchmarking/bin/vadalog-wrapper --program /home/datalog-benchmarking/datalog-benchmarking/datasets/doctors/vadalog/queries/q01.txt --bind medprescription:csv:/home/datalog-benchmarking/datalog-benchmarking/datasets/doctors/vadalog/data/1000000/medprescription.data hospital:csv:/home/datalog-benchmarking/datalog-benchmarking/datasets/doctors/vadalog/data/1000000/hospital.data physician:csv:/home/datalog-benchmarking/datalog-benchmarking/datasets/doctors/vadalog/data/1000000/physician.data treatment:csv:/home/datalog-benchmarking/datalog-benchmarking/datasets/doctors/vadalog/data/1000000/treatment.data --working-dir results/chasebench/doctors/vadalog/1000000/q01/run-1 --set terminationStrategyMode=lightMode
doctors	2023-03-12 19:31:50.117922	2	1000000	q01	success	  6.295857	1000	/home/datalog-benchmarking/datalog-benchmarking/bin/vadalog-wrapper --program /home/datalog-benchmarking/datalog-benchmarking/datasets/doctors/vadalog/queries/q01.txt --bind medprescription:csv:/home/datalog-benchmarking/datalog-benchmarking/datasets/doctors/vadalog/data/1000000/medprescription.data hospital:csv:/home/datalog-benchmarking/datalog-benchmarking/datasets/doctors/vadalog/data/1000000/hospital.data physician:csv:/home/datalog-benchmarking/datalog-benchmarking/datasets/doctors/vadalog/data/1000000/physician.data treatment:csv:/home/datalog-benchmarking/datalog-benchmarking/datasets/doctors/vadalog/data/1000000/treatment.data --working-dir results/chasebench/doctors/vadalog/1000000/q01/run-2 --set terminationStrategyMode=lightMode
doctors	2023-03-12 19:32:02.997120	0	0010000	q02	success	  2.025340	6998	/home/datalog-benchmarking/datalog-benchmarking/bin/vadalog-wrapper --program /home/datalog-benchmarking/datalog-benchmarking/datasets/doctors/vadalog/queries/q02.txt --bind medprescription:csv:/home/datalog-benchmarking/datalog-benchmarking/datasets/doctors/vadalog/data/0010000/medprescription.data hospital:csv:/home/datalog-benchmarking/datalog-benchmarking/datasets/doctors/vadalog/data/0010000/hospital.data physician:csv:/home/datalog-benchmarking/datalog-benchmarking/datasets/doctors/vadalog/data/0010000/physician.data treatment:csv:/home/datalog-benchmarking/datalog-benchmarking/datasets/doctors/vadalog/data/0010000/treatment.data --working-dir results/chasebench/doctors/vadalog/0010000/q02/run-0 --set terminationStrategyMode=lightMode
doctors	2023-03-12 19:32:11.571369	1	0010000	q02	success	  1.772952	6998	/home/datalog-benchmarking/datalog-benchmarking/bin/vadalog-wrapper --program /home/datalog-benchmarking/datalog-benchmarking/datasets/doctors/vadalog/queries/q02.txt --bind medprescription:csv:/home/datalog-benchmarking/datalog-benchmarking/datasets/doctors/vadalog/data/0010000/medprescription.data hospital:csv:/home/datalog-benchmarking/datalog-benchmarking/datasets/doctors/vadalog/data/0010000/hospital.data physician:csv:/home/datalog-benchmarking/datalog-benchmarking/datasets/doctors/vadalog/data/0010000/physician.data treatment:csv:/home/datalog-benchmarking/datalog-benchmarking/datasets/doctors/vadalog/data/0010000/treatment.data --working-dir results/chasebench/doctors/vadalog/0010000/q02/run-1 --set terminationStrategyMode=lightMode
doctors	2023-03-12 19:32:19.930206	2	0010000	q02	success	  2.078344	6998	/home/datalog-benchmarking/datalog-benchmarking/bin/vadalog-wrapper --program /home/datalog-benchmarking/datalog-benchmarking/datasets/doctors/vadalog/queries/q02.txt --bind medprescription:csv:/home/datalog-benchmarking/datalog-benchmarking/datasets/doctors/vadalog/data/0010000/medprescription.data hospital:csv:/home/datalog-benchmarking/datalog-benchmarking/datasets/doctors/vadalog/data/0010000/hospital.data physician:csv:/home/datalog-benchmarking/datalog-benchmarking/datasets/doctors/vadalog/data/0010000/physician.data treatment:csv:/home/datalog-benchmarking/datalog-benchmarking/datasets/doctors/vadalog/data/0010000/treatment.data --working-dir results/chasebench/doctors/vadalog/0010000/q02/run-2 --set terminationStrategyMode=lightMode
doctors	2023-03-12 19:32:28.622546	0	0100000	q02	success	  5.937539	79000	/home/datalog-benchmarking/datalog-benchmarking/bin/vadalog-wrapper --program /home/datalog-benchmarking/datalog-benchmarking/datasets/doctors/vadalog/queries/q02.txt --bind medprescription:csv:/home/datalog-benchmarking/datalog-benchmarking/datasets/doctors/vadalog/data/0100000/medprescription.data hospital:csv:/home/datalog-benchmarking/datalog-benchmarking/datasets/doctors/vadalog/data/0100000/hospital.data physician:csv:/home/datalog-benchmarking/datalog-benchmarking/datasets/doctors/vadalog/data/0100000/physician.data treatment:csv:/home/datalog-benchmarking/datalog-benchmarking/datasets/doctors/vadalog/data/0100000/treatment.data --working-dir results/chasebench/doctors/vadalog/0100000/q02/run-0 --set terminationStrategyMode=lightMode
doctors	2023-03-12 19:32:41.196678	1	0100000	q02	success	  5.837205	79000	/home/datalog-benchmarking/datalog-benchmarking/bin/vadalog-wrapper --program /home/datalog-benchmarking/datalog-benchmarking/datasets/doctors/vadalog/queries/q02.txt --bind medprescription:csv:/home/datalog-benchmarking/datalog-benchmarking/datasets/doctors/vadalog/data/0100000/medprescription.data hospital:csv:/home/datalog-benchmarking/datalog-benchmarking/datasets/doctors/vadalog/data/0100000/hospital.data physician:csv:/home/datalog-benchmarking/datalog-benchmarking/datasets/doctors/vadalog/data/0100000/physician.data treatment:csv:/home/datalog-benchmarking/datalog-benchmarking/datasets/doctors/vadalog/data/0100000/treatment.data --working-dir results/chasebench/doctors/vadalog/0100000/q02/run-1 --set terminationStrategyMode=lightMode
doctors	2023-03-12 19:32:53.702228	2	0100000	q02	success	  6.061709	79000	/home/datalog-benchmarking/datalog-benchmarking/bin/vadalog-wrapper --program /home/datalog-benchmarking/datalog-benchmarking/datasets/doctors/vadalog/queries/q02.txt --bind medprescription:csv:/home/datalog-benchmarking/datalog-benchmarking/datasets/doctors/vadalog/data/0100000/medprescription.data hospital:csv:/home/datalog-benchmarking/datalog-benchmarking/datasets/doctors/vadalog/data/0100000/hospital.data physician:csv:/home/datalog-benchmarking/datalog-benchmarking/datasets/doctors/vadalog/data/0100000/physician.data treatment:csv:/home/datalog-benchmarking/datalog-benchmarking/datasets/doctors/vadalog/data/0100000/treatment.data --working-dir results/chasebench/doctors/vadalog/0100000/q02/run-2 --set terminationStrategyMode=lightMode
doctors	2023-03-12 19:33:06.442071	0	0500000	q02	success	 10.305639	200000	/home/datalog-benchmarking/datalog-benchmarking/bin/vadalog-wrapper --program /home/datalog-benchmarking/datalog-benchmarking/datasets/doctors/vadalog/queries/q02.txt --bind medprescription:csv:/home/datalog-benchmarking/datalog-benchmarking/datasets/doctors/vadalog/data/0500000/medprescription.data hospital:csv:/home/datalog-benchmarking/datalog-benchmarking/datasets/doctors/vadalog/data/0500000/hospital.data physician:csv:/home/datalog-benchmarking/datalog-benchmarking/datasets/doctors/vadalog/data/0500000/physician.data treatment:csv:/home/datalog-benchmarking/datalog-benchmarking/datasets/doctors/vadalog/data/0500000/treatment.data --working-dir results/chasebench/doctors/vadalog/0500000/q02/run-0 --set terminationStrategyMode=lightMode
doctors	2023-03-12 19:33:23.542745	1	0500000	q02	success	 10.159457	200000	/home/datalog-benchmarking/datalog-benchmarking/bin/vadalog-wrapper --program /home/datalog-benchmarking/datalog-benchmarking/datasets/doctors/vadalog/queries/q02.txt --bind medprescription:csv:/home/datalog-benchmarking/datalog-benchmarking/datasets/doctors/vadalog/data/0500000/medprescription.data hospital:csv:/home/datalog-benchmarking/datalog-benchmarking/datasets/doctors/vadalog/data/0500000/hospital.data physician:csv:/home/datalog-benchmarking/datalog-benchmarking/datasets/doctors/vadalog/data/0500000/physician.data treatment:csv:/home/datalog-benchmarking/datalog-benchmarking/datasets/doctors/vadalog/data/0500000/treatment.data --working-dir results/chasebench/doctors/vadalog/0500000/q02/run-1 --set terminationStrategyMode=lightMode
doctors	2023-03-12 19:33:40.665271	2	0500000	q02	success	 10.414174	200000	/home/datalog-benchmarking/datalog-benchmarking/bin/vadalog-wrapper --program /home/datalog-benchmarking/datalog-benchmarking/datasets/doctors/vadalog/queries/q02.txt --bind medprescription:csv:/home/datalog-benchmarking/datalog-benchmarking/datasets/doctors/vadalog/data/0500000/medprescription.data hospital:csv:/home/datalog-benchmarking/datalog-benchmarking/datasets/doctors/vadalog/data/0500000/hospital.data physician:csv:/home/datalog-benchmarking/datalog-benchmarking/datasets/doctors/vadalog/data/0500000/physician.data treatment:csv:/home/datalog-benchmarking/datalog-benchmarking/datasets/doctors/vadalog/data/0500000/treatment.data --working-dir results/chasebench/doctors/vadalog/0500000/q02/run-2 --set terminationStrategyMode=lightMode
doctors	2023-03-12 19:33:57.838453	0	1000000	q02	success	 10.304268	200000	/home/datalog-benchmarking/datalog-benchmarking/bin/vadalog-wrapper --program /home/datalog-benchmarking/datalog-benchmarking/datasets/doctors/vadalog/queries/q02.txt --bind medprescription:csv:/home/datalog-benchmarking/datalog-benchmarking/datasets/doctors/vadalog/data/1000000/medprescription.data hospital:csv:/home/datalog-benchmarking/datalog-benchmarking/datasets/doctors/vadalog/data/1000000/hospital.data physician:csv:/home/datalog-benchmarking/datalog-benchmarking/datasets/doctors/vadalog/data/1000000/physician.data treatment:csv:/home/datalog-benchmarking/datalog-benchmarking/datasets/doctors/vadalog/data/1000000/treatment.data --working-dir results/chasebench/doctors/vadalog/1000000/q02/run-0 --set terminationStrategyMode=lightMode
doctors	2023-03-12 19:34:15.003879	1	1000000	q02	success	 10.405534	200000	/home/datalog-benchmarking/datalog-benchmarking/bin/vadalog-wrapper --program /home/datalog-benchmarking/datalog-benchmarking/datasets/doctors/vadalog/queries/q02.txt --bind medprescription:csv:/home/datalog-benchmarking/datalog-benchmarking/datasets/doctors/vadalog/data/1000000/medprescription.data hospital:csv:/home/datalog-benchmarking/datalog-benchmarking/datasets/doctors/vadalog/data/1000000/hospital.data physician:csv:/home/datalog-benchmarking/datalog-benchmarking/datasets/doctors/vadalog/data/1000000/physician.data treatment:csv:/home/datalog-benchmarking/datalog-benchmarking/datasets/doctors/vadalog/data/1000000/treatment.data --working-dir results/chasebench/doctors/vadalog/1000000/q02/run-1 --set terminationStrategyMode=lightMode
doctors	2023-03-12 19:34:32.183240	2	1000000	q02	success	 10.133894	200000	/home/datalog-benchmarking/datalog-benchmarking/bin/vadalog-wrapper --program /home/datalog-benchmarking/datalog-benchmarking/datasets/doctors/vadalog/queries/q02.txt --bind medprescription:csv:/home/datalog-benchmarking/datalog-benchmarking/datasets/doctors/vadalog/data/1000000/medprescription.data hospital:csv:/home/datalog-benchmarking/datalog-benchmarking/datasets/doctors/vadalog/data/1000000/hospital.data physician:csv:/home/datalog-benchmarking/datalog-benchmarking/datasets/doctors/vadalog/data/1000000/physician.data treatment:csv:/home/datalog-benchmarking/datalog-benchmarking/datasets/doctors/vadalog/data/1000000/treatment.data --working-dir results/chasebench/doctors/vadalog/1000000/q02/run-2 --set terminationStrategyMode=lightMode
doctors	2023-03-12 19:34:49.065494	0	0010000	q03	success	  2.031233	6998	/home/datalog-benchmarking/datalog-benchmarking/bin/vadalog-wrapper --program /home/datalog-benchmarking/datalog-benchmarking/datasets/doctors/vadalog/queries/q03.txt --bind medprescription:csv:/home/datalog-benchmarking/datalog-benchmarking/datasets/doctors/vadalog/data/0010000/medprescription.data hospital:csv:/home/datalog-benchmarking/datalog-benchmarking/datasets/doctors/vadalog/data/0010000/hospital.data physician:csv:/home/datalog-benchmarking/datalog-benchmarking/datasets/doctors/vadalog/data/0010000/physician.data treatment:csv:/home/datalog-benchmarking/datalog-benchmarking/datasets/doctors/vadalog/data/0010000/treatment.data --working-dir results/chasebench/doctors/vadalog/0010000/q03/run-0 --set terminationStrategyMode=lightMode
doctors	2023-03-12 19:34:57.714854	1	0010000	q03	success	  2.025671	6998	/home/datalog-benchmarking/datalog-benchmarking/bin/vadalog-wrapper --program /home/datalog-benchmarking/datalog-benchmarking/datasets/doctors/vadalog/queries/q03.txt --bind medprescription:csv:/home/datalog-benchmarking/datalog-benchmarking/datasets/doctors/vadalog/data/0010000/medprescription.data hospital:csv:/home/datalog-benchmarking/datalog-benchmarking/datasets/doctors/vadalog/data/0010000/hospital.data physician:csv:/home/datalog-benchmarking/datalog-benchmarking/datasets/doctors/vadalog/data/0010000/physician.data treatment:csv:/home/datalog-benchmarking/datalog-benchmarking/datasets/doctors/vadalog/data/0010000/treatment.data --working-dir results/chasebench/doctors/vadalog/0010000/q03/run-1 --set terminationStrategyMode=lightMode
doctors	2023-03-12 19:35:06.417723	2	0010000	q03	success	  2.075302	6998	/home/datalog-benchmarking/datalog-benchmarking/bin/vadalog-wrapper --program /home/datalog-benchmarking/datalog-benchmarking/datasets/doctors/vadalog/queries/q03.txt --bind medprescription:csv:/home/datalog-benchmarking/datalog-benchmarking/datasets/doctors/vadalog/data/0010000/medprescription.data hospital:csv:/home/datalog-benchmarking/datalog-benchmarking/datasets/doctors/vadalog/data/0010000/hospital.data physician:csv:/home/datalog-benchmarking/datalog-benchmarking/datasets/doctors/vadalog/data/0010000/physician.data treatment:csv:/home/datalog-benchmarking/datalog-benchmarking/datasets/doctors/vadalog/data/0010000/treatment.data --working-dir results/chasebench/doctors/vadalog/0010000/q03/run-2 --set terminationStrategyMode=lightMode
doctors	2023-03-12 19:35:15.101897	0	0100000	q03	success	  5.789074	79000	/home/datalog-benchmarking/datalog-benchmarking/bin/vadalog-wrapper --program /home/datalog-benchmarking/datalog-benchmarking/datasets/doctors/vadalog/queries/q03.txt --bind medprescription:csv:/home/datalog-benchmarking/datalog-benchmarking/datasets/doctors/vadalog/data/0100000/medprescription.data hospital:csv:/home/datalog-benchmarking/datalog-benchmarking/datasets/doctors/vadalog/data/0100000/hospital.data physician:csv:/home/datalog-benchmarking/datalog-benchmarking/datasets/doctors/vadalog/data/0100000/physician.data treatment:csv:/home/datalog-benchmarking/datalog-benchmarking/datasets/doctors/vadalog/data/0100000/treatment.data --working-dir results/chasebench/doctors/vadalog/0100000/q03/run-0 --set terminationStrategyMode=lightMode
doctors	2023-03-12 19:35:27.501125	1	0100000	q03	success	  6.098815	79000	/home/datalog-benchmarking/datalog-benchmarking/bin/vadalog-wrapper --program /home/datalog-benchmarking/datalog-benchmarking/datasets/doctors/vadalog/queries/q03.txt --bind medprescription:csv:/home/datalog-benchmarking/datalog-benchmarking/datasets/doctors/vadalog/data/0100000/medprescription.data hospital:csv:/home/datalog-benchmarking/datalog-benchmarking/datasets/doctors/vadalog/data/0100000/hospital.data physician:csv:/home/datalog-benchmarking/datalog-benchmarking/datasets/doctors/vadalog/data/0100000/physician.data treatment:csv:/home/datalog-benchmarking/datalog-benchmarking/datasets/doctors/vadalog/data/0100000/treatment.data --working-dir results/chasebench/doctors/vadalog/0100000/q03/run-1 --set terminationStrategyMode=lightMode
doctors	2023-03-12 19:35:40.171740	2	0100000	q03	success	  6.000070	79000	/home/datalog-benchmarking/datalog-benchmarking/bin/vadalog-wrapper --program /home/datalog-benchmarking/datalog-benchmarking/datasets/doctors/vadalog/queries/q03.txt --bind medprescription:csv:/home/datalog-benchmarking/datalog-benchmarking/datasets/doctors/vadalog/data/0100000/medprescription.data hospital:csv:/home/datalog-benchmarking/datalog-benchmarking/datasets/doctors/vadalog/data/0100000/hospital.data physician:csv:/home/datalog-benchmarking/datalog-benchmarking/datasets/doctors/vadalog/data/0100000/physician.data treatment:csv:/home/datalog-benchmarking/datalog-benchmarking/datasets/doctors/vadalog/data/0100000/treatment.data --working-dir results/chasebench/doctors/vadalog/0100000/q03/run-2 --set terminationStrategyMode=lightMode
doctors	2023-03-12 19:35:52.816884	0	0500000	q03	success	 10.157866	200000	/home/datalog-benchmarking/datalog-benchmarking/bin/vadalog-wrapper --program /home/datalog-benchmarking/datalog-benchmarking/datasets/doctors/vadalog/queries/q03.txt --bind medprescription:csv:/home/datalog-benchmarking/datalog-benchmarking/datasets/doctors/vadalog/data/0500000/medprescription.data hospital:csv:/home/datalog-benchmarking/datalog-benchmarking/datasets/doctors/vadalog/data/0500000/hospital.data physician:csv:/home/datalog-benchmarking/datalog-benchmarking/datasets/doctors/vadalog/data/0500000/physician.data treatment:csv:/home/datalog-benchmarking/datalog-benchmarking/datasets/doctors/vadalog/data/0500000/treatment.data --working-dir results/chasebench/doctors/vadalog/0500000/q03/run-0 --set terminationStrategyMode=lightMode
doctors	2023-03-12 19:36:09.716189	1	0500000	q03	success	 10.359006	200000	/home/datalog-benchmarking/datalog-benchmarking/bin/vadalog-wrapper --program /home/datalog-benchmarking/datalog-benchmarking/datasets/doctors/vadalog/queries/q03.txt --bind medprescription:csv:/home/datalog-benchmarking/datalog-benchmarking/datasets/doctors/vadalog/data/0500000/medprescription.data hospital:csv:/home/datalog-benchmarking/datalog-benchmarking/datasets/doctors/vadalog/data/0500000/hospital.data physician:csv:/home/datalog-benchmarking/datalog-benchmarking/datasets/doctors/vadalog/data/0500000/physician.data treatment:csv:/home/datalog-benchmarking/datalog-benchmarking/datasets/doctors/vadalog/data/0500000/treatment.data --working-dir results/chasebench/doctors/vadalog/0500000/q03/run-1 --set terminationStrategyMode=lightMode
doctors	2023-03-12 19:36:26.799002	2	0500000	q03	success	  9.967674	200000	/home/datalog-benchmarking/datalog-benchmarking/bin/vadalog-wrapper --program /home/datalog-benchmarking/datalog-benchmarking/datasets/doctors/vadalog/queries/q03.txt --bind medprescription:csv:/home/datalog-benchmarking/datalog-benchmarking/datasets/doctors/vadalog/data/0500000/medprescription.data hospital:csv:/home/datalog-benchmarking/datalog-benchmarking/datasets/doctors/vadalog/data/0500000/hospital.data physician:csv:/home/datalog-benchmarking/datalog-benchmarking/datasets/doctors/vadalog/data/0500000/physician.data treatment:csv:/home/datalog-benchmarking/datalog-benchmarking/datasets/doctors/vadalog/data/0500000/treatment.data --working-dir results/chasebench/doctors/vadalog/0500000/q03/run-2 --set terminationStrategyMode=lightMode
doctors	2023-03-12 19:36:43.518153	0	1000000	q03	success	 10.107526	200000	/home/datalog-benchmarking/datalog-benchmarking/bin/vadalog-wrapper --program /home/datalog-benchmarking/datalog-benchmarking/datasets/doctors/vadalog/queries/q03.txt --bind medprescription:csv:/home/datalog-benchmarking/datalog-benchmarking/datasets/doctors/vadalog/data/1000000/medprescription.data hospital:csv:/home/datalog-benchmarking/datalog-benchmarking/datasets/doctors/vadalog/data/1000000/hospital.data physician:csv:/home/datalog-benchmarking/datalog-benchmarking/datasets/doctors/vadalog/data/1000000/physician.data treatment:csv:/home/datalog-benchmarking/datalog-benchmarking/datasets/doctors/vadalog/data/1000000/treatment.data --working-dir results/chasebench/doctors/vadalog/1000000/q03/run-0 --set terminationStrategyMode=lightMode
doctors	2023-03-12 19:37:00.367062	1	1000000	q03	success	 10.258555	200000	/home/datalog-benchmarking/datalog-benchmarking/bin/vadalog-wrapper --program /home/datalog-benchmarking/datalog-benchmarking/datasets/doctors/vadalog/queries/q03.txt --bind medprescription:csv:/home/datalog-benchmarking/datalog-benchmarking/datasets/doctors/vadalog/data/1000000/medprescription.data hospital:csv:/home/datalog-benchmarking/datalog-benchmarking/datasets/doctors/vadalog/data/1000000/hospital.data physician:csv:/home/datalog-benchmarking/datalog-benchmarking/datasets/doctors/vadalog/data/1000000/physician.data treatment:csv:/home/datalog-benchmarking/datalog-benchmarking/datasets/doctors/vadalog/data/1000000/treatment.data --working-dir results/chasebench/doctors/vadalog/1000000/q03/run-1 --set terminationStrategyMode=lightMode
doctors	2023-03-12 19:37:17.392997	2	1000000	q03	success	 10.265616	200000	/home/datalog-benchmarking/datalog-benchmarking/bin/vadalog-wrapper --program /home/datalog-benchmarking/datalog-benchmarking/datasets/doctors/vadalog/queries/q03.txt --bind medprescription:csv:/home/datalog-benchmarking/datalog-benchmarking/datasets/doctors/vadalog/data/1000000/medprescription.data hospital:csv:/home/datalog-benchmarking/datalog-benchmarking/datasets/doctors/vadalog/data/1000000/hospital.data physician:csv:/home/datalog-benchmarking/datalog-benchmarking/datasets/doctors/vadalog/data/1000000/physician.data treatment:csv:/home/datalog-benchmarking/datalog-benchmarking/datasets/doctors/vadalog/data/1000000/treatment.data --working-dir results/chasebench/doctors/vadalog/1000000/q03/run-2 --set terminationStrategyMode=lightMode
doctors	2023-03-12 19:37:34.347666	0	0010000	q04	success	  1.927539	6998	/home/datalog-benchmarking/datalog-benchmarking/bin/vadalog-wrapper --program /home/datalog-benchmarking/datalog-benchmarking/datasets/doctors/vadalog/queries/q04.txt --bind medprescription:csv:/home/datalog-benchmarking/datalog-benchmarking/datasets/doctors/vadalog/data/0010000/medprescription.data hospital:csv:/home/datalog-benchmarking/datalog-benchmarking/datasets/doctors/vadalog/data/0010000/hospital.data physician:csv:/home/datalog-benchmarking/datalog-benchmarking/datasets/doctors/vadalog/data/0010000/physician.data treatment:csv:/home/datalog-benchmarking/datalog-benchmarking/datasets/doctors/vadalog/data/0010000/treatment.data --working-dir results/chasebench/doctors/vadalog/0010000/q04/run-0 --set terminationStrategyMode=lightMode
doctors	2023-03-12 19:37:42.931012	1	0010000	q04	success	  1.824216	6998	/home/datalog-benchmarking/datalog-benchmarking/bin/vadalog-wrapper --program /home/datalog-benchmarking/datalog-benchmarking/datasets/doctors/vadalog/queries/q04.txt --bind medprescription:csv:/home/datalog-benchmarking/datalog-benchmarking/datasets/doctors/vadalog/data/0010000/medprescription.data hospital:csv:/home/datalog-benchmarking/datalog-benchmarking/datasets/doctors/vadalog/data/0010000/hospital.data physician:csv:/home/datalog-benchmarking/datalog-benchmarking/datasets/doctors/vadalog/data/0010000/physician.data treatment:csv:/home/datalog-benchmarking/datalog-benchmarking/datasets/doctors/vadalog/data/0010000/treatment.data --working-dir results/chasebench/doctors/vadalog/0010000/q04/run-1 --set terminationStrategyMode=lightMode
doctors	2023-03-12 19:37:51.413173	2	0010000	q04	success	  1.976151	6998	/home/datalog-benchmarking/datalog-benchmarking/bin/vadalog-wrapper --program /home/datalog-benchmarking/datalog-benchmarking/datasets/doctors/vadalog/queries/q04.txt --bind medprescription:csv:/home/datalog-benchmarking/datalog-benchmarking/datasets/doctors/vadalog/data/0010000/medprescription.data hospital:csv:/home/datalog-benchmarking/datalog-benchmarking/datasets/doctors/vadalog/data/0010000/hospital.data physician:csv:/home/datalog-benchmarking/datalog-benchmarking/datasets/doctors/vadalog/data/0010000/physician.data treatment:csv:/home/datalog-benchmarking/datalog-benchmarking/datasets/doctors/vadalog/data/0010000/treatment.data --working-dir results/chasebench/doctors/vadalog/0010000/q04/run-2 --set terminationStrategyMode=lightMode
doctors	2023-03-12 19:38:00.016474	0	0100000	q04	success	  6.139648	79000	/home/datalog-benchmarking/datalog-benchmarking/bin/vadalog-wrapper --program /home/datalog-benchmarking/datalog-benchmarking/datasets/doctors/vadalog/queries/q04.txt --bind medprescription:csv:/home/datalog-benchmarking/datalog-benchmarking/datasets/doctors/vadalog/data/0100000/medprescription.data hospital:csv:/home/datalog-benchmarking/datalog-benchmarking/datasets/doctors/vadalog/data/0100000/hospital.data physician:csv:/home/datalog-benchmarking/datalog-benchmarking/datasets/doctors/vadalog/data/0100000/physician.data treatment:csv:/home/datalog-benchmarking/datalog-benchmarking/datasets/doctors/vadalog/data/0100000/treatment.data --working-dir results/chasebench/doctors/vadalog/0100000/q04/run-0 --set terminationStrategyMode=lightMode
doctors	2023-03-12 19:38:12.857713	1	0100000	q04	success	  6.539833	79000	/home/datalog-benchmarking/datalog-benchmarking/bin/vadalog-wrapper --program /home/datalog-benchmarking/datalog-benchmarking/datasets/doctors/vadalog/queries/q04.txt --bind medprescription:csv:/home/datalog-benchmarking/datalog-benchmarking/datasets/doctors/vadalog/data/0100000/medprescription.data hospital:csv:/home/datalog-benchmarking/datalog-benchmarking/datasets/doctors/vadalog/data/0100000/hospital.data physician:csv:/home/datalog-benchmarking/datalog-benchmarking/datasets/doctors/vadalog/data/0100000/physician.data treatment:csv:/home/datalog-benchmarking/datalog-benchmarking/datasets/doctors/vadalog/data/0100000/treatment.data --working-dir results/chasebench/doctors/vadalog/0100000/q04/run-1 --set terminationStrategyMode=lightMode
doctors	2023-03-12 19:38:26.070698	2	0100000	q04	success	  6.196663	79000	/home/datalog-benchmarking/datalog-benchmarking/bin/vadalog-wrapper --program /home/datalog-benchmarking/datalog-benchmarking/datasets/doctors/vadalog/queries/q04.txt --bind medprescription:csv:/home/datalog-benchmarking/datalog-benchmarking/datasets/doctors/vadalog/data/0100000/medprescription.data hospital:csv:/home/datalog-benchmarking/datalog-benchmarking/datasets/doctors/vadalog/data/0100000/hospital.data physician:csv:/home/datalog-benchmarking/datalog-benchmarking/datasets/doctors/vadalog/data/0100000/physician.data treatment:csv:/home/datalog-benchmarking/datalog-benchmarking/datasets/doctors/vadalog/data/0100000/treatment.data --working-dir results/chasebench/doctors/vadalog/0100000/q04/run-2 --set terminationStrategyMode=lightMode
doctors	2023-03-12 19:38:38.839900	0	0500000	q04	success	 10.815456	200000	/home/datalog-benchmarking/datalog-benchmarking/bin/vadalog-wrapper --program /home/datalog-benchmarking/datalog-benchmarking/datasets/doctors/vadalog/queries/q04.txt --bind medprescription:csv:/home/datalog-benchmarking/datalog-benchmarking/datasets/doctors/vadalog/data/0500000/medprescription.data hospital:csv:/home/datalog-benchmarking/datalog-benchmarking/datasets/doctors/vadalog/data/0500000/hospital.data physician:csv:/home/datalog-benchmarking/datalog-benchmarking/datasets/doctors/vadalog/data/0500000/physician.data treatment:csv:/home/datalog-benchmarking/datalog-benchmarking/datasets/doctors/vadalog/data/0500000/treatment.data --working-dir results/chasebench/doctors/vadalog/0500000/q04/run-0 --set terminationStrategyMode=lightMode
doctors	2023-03-12 19:38:56.436955	1	0500000	q04	success	 11.318382	200000	/home/datalog-benchmarking/datalog-benchmarking/bin/vadalog-wrapper --program /home/datalog-benchmarking/datalog-benchmarking/datasets/doctors/vadalog/queries/q04.txt --bind medprescription:csv:/home/datalog-benchmarking/datalog-benchmarking/datasets/doctors/vadalog/data/0500000/medprescription.data hospital:csv:/home/datalog-benchmarking/datalog-benchmarking/datasets/doctors/vadalog/data/0500000/hospital.data physician:csv:/home/datalog-benchmarking/datalog-benchmarking/datasets/doctors/vadalog/data/0500000/physician.data treatment:csv:/home/datalog-benchmarking/datalog-benchmarking/datasets/doctors/vadalog/data/0500000/treatment.data --working-dir results/chasebench/doctors/vadalog/0500000/q04/run-1 --set terminationStrategyMode=lightMode
doctors	2023-03-12 19:39:14.496238	2	0500000	q04	success	 11.306418	200000	/home/datalog-benchmarking/datalog-benchmarking/bin/vadalog-wrapper --program /home/datalog-benchmarking/datalog-benchmarking/datasets/doctors/vadalog/queries/q04.txt --bind medprescription:csv:/home/datalog-benchmarking/datalog-benchmarking/datasets/doctors/vadalog/data/0500000/medprescription.data hospital:csv:/home/datalog-benchmarking/datalog-benchmarking/datasets/doctors/vadalog/data/0500000/hospital.data physician:csv:/home/datalog-benchmarking/datalog-benchmarking/datasets/doctors/vadalog/data/0500000/physician.data treatment:csv:/home/datalog-benchmarking/datalog-benchmarking/datasets/doctors/vadalog/data/0500000/treatment.data --working-dir results/chasebench/doctors/vadalog/0500000/q04/run-2 --set terminationStrategyMode=lightMode
doctors	2023-03-12 19:39:32.558752	0	1000000	q04	success	 10.764857	200000	/home/datalog-benchmarking/datalog-benchmarking/bin/vadalog-wrapper --program /home/datalog-benchmarking/datalog-benchmarking/datasets/doctors/vadalog/queries/q04.txt --bind medprescription:csv:/home/datalog-benchmarking/datalog-benchmarking/datasets/doctors/vadalog/data/1000000/medprescription.data hospital:csv:/home/datalog-benchmarking/datalog-benchmarking/datasets/doctors/vadalog/data/1000000/hospital.data physician:csv:/home/datalog-benchmarking/datalog-benchmarking/datasets/doctors/vadalog/data/1000000/physician.data treatment:csv:/home/datalog-benchmarking/datalog-benchmarking/datasets/doctors/vadalog/data/1000000/treatment.data --working-dir results/chasebench/doctors/vadalog/1000000/q04/run-0 --set terminationStrategyMode=lightMode
doctors	2023-03-12 19:39:50.048901	1	1000000	q04	success	 11.065417	200000	/home/datalog-benchmarking/datalog-benchmarking/bin/vadalog-wrapper --program /home/datalog-benchmarking/datalog-benchmarking/datasets/doctors/vadalog/queries/q04.txt --bind medprescription:csv:/home/datalog-benchmarking/datalog-benchmarking/datasets/doctors/vadalog/data/1000000/medprescription.data hospital:csv:/home/datalog-benchmarking/datalog-benchmarking/datasets/doctors/vadalog/data/1000000/hospital.data physician:csv:/home/datalog-benchmarking/datalog-benchmarking/datasets/doctors/vadalog/data/1000000/physician.data treatment:csv:/home/datalog-benchmarking/datalog-benchmarking/datasets/doctors/vadalog/data/1000000/treatment.data --working-dir results/chasebench/doctors/vadalog/1000000/q04/run-1 --set terminationStrategyMode=lightMode
doctors	2023-03-12 19:40:07.856239	2	1000000	q04	success	 10.805352	200000	/home/datalog-benchmarking/datalog-benchmarking/bin/vadalog-wrapper --program /home/datalog-benchmarking/datalog-benchmarking/datasets/doctors/vadalog/queries/q04.txt --bind medprescription:csv:/home/datalog-benchmarking/datalog-benchmarking/datasets/doctors/vadalog/data/1000000/medprescription.data hospital:csv:/home/datalog-benchmarking/datalog-benchmarking/datasets/doctors/vadalog/data/1000000/hospital.data physician:csv:/home/datalog-benchmarking/datalog-benchmarking/datasets/doctors/vadalog/data/1000000/physician.data treatment:csv:/home/datalog-benchmarking/datalog-benchmarking/datasets/doctors/vadalog/data/1000000/treatment.data --working-dir results/chasebench/doctors/vadalog/1000000/q04/run-2 --set terminationStrategyMode=lightMode
doctors	2023-03-12 19:40:25.371929	0	0010000	q05	success	  1.832808	440	/home/datalog-benchmarking/datalog-benchmarking/bin/vadalog-wrapper --program /home/datalog-benchmarking/datalog-benchmarking/datasets/doctors/vadalog/queries/q05.txt --bind medprescription:csv:/home/datalog-benchmarking/datalog-benchmarking/datasets/doctors/vadalog/data/0010000/medprescription.data hospital:csv:/home/datalog-benchmarking/datalog-benchmarking/datasets/doctors/vadalog/data/0010000/hospital.data physician:csv:/home/datalog-benchmarking/datalog-benchmarking/datasets/doctors/vadalog/data/0010000/physician.data treatment:csv:/home/datalog-benchmarking/datalog-benchmarking/datasets/doctors/vadalog/data/0010000/treatment.data --working-dir results/chasebench/doctors/vadalog/0010000/q05/run-0 --set terminationStrategyMode=lightMode
doctors	2023-03-12 19:40:33.815926	1	0010000	q05	success	  1.675427	440	/home/datalog-benchmarking/datalog-benchmarking/bin/vadalog-wrapper --program /home/datalog-benchmarking/datalog-benchmarking/datasets/doctors/vadalog/queries/q05.txt --bind medprescription:csv:/home/datalog-benchmarking/datalog-benchmarking/datasets/doctors/vadalog/data/0010000/medprescription.data hospital:csv:/home/datalog-benchmarking/datalog-benchmarking/datasets/doctors/vadalog/data/0010000/hospital.data physician:csv:/home/datalog-benchmarking/datalog-benchmarking/datasets/doctors/vadalog/data/0010000/physician.data treatment:csv:/home/datalog-benchmarking/datalog-benchmarking/datasets/doctors/vadalog/data/0010000/treatment.data --working-dir results/chasebench/doctors/vadalog/0010000/q05/run-1 --set terminationStrategyMode=lightMode
doctors	2023-03-12 19:40:42.105124	2	0010000	q05	success	  1.877745	440	/home/datalog-benchmarking/datalog-benchmarking/bin/vadalog-wrapper --program /home/datalog-benchmarking/datalog-benchmarking/datasets/doctors/vadalog/queries/q05.txt --bind medprescription:csv:/home/datalog-benchmarking/datalog-benchmarking/datasets/doctors/vadalog/data/0010000/medprescription.data hospital:csv:/home/datalog-benchmarking/datalog-benchmarking/datasets/doctors/vadalog/data/0010000/hospital.data physician:csv:/home/datalog-benchmarking/datalog-benchmarking/datasets/doctors/vadalog/data/0010000/physician.data treatment:csv:/home/datalog-benchmarking/datalog-benchmarking/datasets/doctors/vadalog/data/0010000/treatment.data --working-dir results/chasebench/doctors/vadalog/0010000/q05/run-2 --set terminationStrategyMode=lightMode
doctors	2023-03-12 19:40:50.632858	0	0100000	q05	success	  4.484062	500	/home/datalog-benchmarking/datalog-benchmarking/bin/vadalog-wrapper --program /home/datalog-benchmarking/datalog-benchmarking/datasets/doctors/vadalog/queries/q05.txt --bind medprescription:csv:/home/datalog-benchmarking/datalog-benchmarking/datasets/doctors/vadalog/data/0100000/medprescription.data hospital:csv:/home/datalog-benchmarking/datalog-benchmarking/datasets/doctors/vadalog/data/0100000/hospital.data physician:csv:/home/datalog-benchmarking/datalog-benchmarking/datasets/doctors/vadalog/data/0100000/physician.data treatment:csv:/home/datalog-benchmarking/datalog-benchmarking/datasets/doctors/vadalog/data/0100000/treatment.data --working-dir results/chasebench/doctors/vadalog/0100000/q05/run-0 --set terminationStrategyMode=lightMode
doctors	2023-03-12 19:41:01.689091	1	0100000	q05	success	  4.386753	500	/home/datalog-benchmarking/datalog-benchmarking/bin/vadalog-wrapper --program /home/datalog-benchmarking/datalog-benchmarking/datasets/doctors/vadalog/queries/q05.txt --bind medprescription:csv:/home/datalog-benchmarking/datalog-benchmarking/datasets/doctors/vadalog/data/0100000/medprescription.data hospital:csv:/home/datalog-benchmarking/datalog-benchmarking/datasets/doctors/vadalog/data/0100000/hospital.data physician:csv:/home/datalog-benchmarking/datalog-benchmarking/datasets/doctors/vadalog/data/0100000/physician.data treatment:csv:/home/datalog-benchmarking/datalog-benchmarking/datasets/doctors/vadalog/data/0100000/treatment.data --working-dir results/chasebench/doctors/vadalog/0100000/q05/run-1 --set terminationStrategyMode=lightMode
doctors	2023-03-12 19:41:12.668178	2	0100000	q05	success	  4.239908	500	/home/datalog-benchmarking/datalog-benchmarking/bin/vadalog-wrapper --program /home/datalog-benchmarking/datalog-benchmarking/datasets/doctors/vadalog/queries/q05.txt --bind medprescription:csv:/home/datalog-benchmarking/datalog-benchmarking/datasets/doctors/vadalog/data/0100000/medprescription.data hospital:csv:/home/datalog-benchmarking/datalog-benchmarking/datasets/doctors/vadalog/data/0100000/hospital.data physician:csv:/home/datalog-benchmarking/datalog-benchmarking/datasets/doctors/vadalog/data/0100000/physician.data treatment:csv:/home/datalog-benchmarking/datalog-benchmarking/datasets/doctors/vadalog/data/0100000/treatment.data --working-dir results/chasebench/doctors/vadalog/0100000/q05/run-2 --set terminationStrategyMode=lightMode
doctors	2023-03-12 19:41:23.489706	0	0500000	q05	success	  6.399539	500	/home/datalog-benchmarking/datalog-benchmarking/bin/vadalog-wrapper --program /home/datalog-benchmarking/datalog-benchmarking/datasets/doctors/vadalog/queries/q05.txt --bind medprescription:csv:/home/datalog-benchmarking/datalog-benchmarking/datasets/doctors/vadalog/data/0500000/medprescription.data hospital:csv:/home/datalog-benchmarking/datalog-benchmarking/datasets/doctors/vadalog/data/0500000/hospital.data physician:csv:/home/datalog-benchmarking/datalog-benchmarking/datasets/doctors/vadalog/data/0500000/physician.data treatment:csv:/home/datalog-benchmarking/datalog-benchmarking/datasets/doctors/vadalog/data/0500000/treatment.data --working-dir results/chasebench/doctors/vadalog/0500000/q05/run-0 --set terminationStrategyMode=lightMode
doctors	2023-03-12 19:41:36.578403	1	0500000	q05	success	  6.693932	500	/home/datalog-benchmarking/datalog-benchmarking/bin/vadalog-wrapper --program /home/datalog-benchmarking/datalog-benchmarking/datasets/doctors/vadalog/queries/q05.txt --bind medprescription:csv:/home/datalog-benchmarking/datalog-benchmarking/datasets/doctors/vadalog/data/0500000/medprescription.data hospital:csv:/home/datalog-benchmarking/datalog-benchmarking/datasets/doctors/vadalog/data/0500000/hospital.data physician:csv:/home/datalog-benchmarking/datalog-benchmarking/datasets/doctors/vadalog/data/0500000/physician.data treatment:csv:/home/datalog-benchmarking/datalog-benchmarking/datasets/doctors/vadalog/data/0500000/treatment.data --working-dir results/chasebench/doctors/vadalog/0500000/q05/run-1 --set terminationStrategyMode=lightMode
doctors	2023-03-12 19:41:49.868875	2	0500000	q05	success	  6.390019	500	/home/datalog-benchmarking/datalog-benchmarking/bin/vadalog-wrapper --program /home/datalog-benchmarking/datalog-benchmarking/datasets/doctors/vadalog/queries/q05.txt --bind medprescription:csv:/home/datalog-benchmarking/datalog-benchmarking/datasets/doctors/vadalog/data/0500000/medprescription.data hospital:csv:/home/datalog-benchmarking/datalog-benchmarking/datasets/doctors/vadalog/data/0500000/hospital.data physician:csv:/home/datalog-benchmarking/datalog-benchmarking/datasets/doctors/vadalog/data/0500000/physician.data treatment:csv:/home/datalog-benchmarking/datalog-benchmarking/datasets/doctors/vadalog/data/0500000/treatment.data --working-dir results/chasebench/doctors/vadalog/0500000/q05/run-2 --set terminationStrategyMode=lightMode
doctors	2023-03-12 19:42:02.868816	0	1000000	q05	success	  6.504227	500	/home/datalog-benchmarking/datalog-benchmarking/bin/vadalog-wrapper --program /home/datalog-benchmarking/datalog-benchmarking/datasets/doctors/vadalog/queries/q05.txt --bind medprescription:csv:/home/datalog-benchmarking/datalog-benchmarking/datasets/doctors/vadalog/data/1000000/medprescription.data hospital:csv:/home/datalog-benchmarking/datalog-benchmarking/datasets/doctors/vadalog/data/1000000/hospital.data physician:csv:/home/datalog-benchmarking/datalog-benchmarking/datasets/doctors/vadalog/data/1000000/physician.data treatment:csv:/home/datalog-benchmarking/datalog-benchmarking/datasets/doctors/vadalog/data/1000000/treatment.data --working-dir results/chasebench/doctors/vadalog/1000000/q05/run-0 --set terminationStrategyMode=lightMode
doctors	2023-03-12 19:42:15.908076	1	1000000	q05	success	  6.554516	500	/home/datalog-benchmarking/datalog-benchmarking/bin/vadalog-wrapper --program /home/datalog-benchmarking/datalog-benchmarking/datasets/doctors/vadalog/queries/q05.txt --bind medprescription:csv:/home/datalog-benchmarking/datalog-benchmarking/datasets/doctors/vadalog/data/1000000/medprescription.data hospital:csv:/home/datalog-benchmarking/datalog-benchmarking/datasets/doctors/vadalog/data/1000000/hospital.data physician:csv:/home/datalog-benchmarking/datalog-benchmarking/datasets/doctors/vadalog/data/1000000/physician.data treatment:csv:/home/datalog-benchmarking/datalog-benchmarking/datasets/doctors/vadalog/data/1000000/treatment.data --working-dir results/chasebench/doctors/vadalog/1000000/q05/run-1 --set terminationStrategyMode=lightMode
doctors	2023-03-12 19:42:29.023058	2	1000000	q05	success	  6.238174	500	/home/datalog-benchmarking/datalog-benchmarking/bin/vadalog-wrapper --program /home/datalog-benchmarking/datalog-benchmarking/datasets/doctors/vadalog/queries/q05.txt --bind medprescription:csv:/home/datalog-benchmarking/datalog-benchmarking/datasets/doctors/vadalog/data/1000000/medprescription.data hospital:csv:/home/datalog-benchmarking/datalog-benchmarking/datasets/doctors/vadalog/data/1000000/hospital.data physician:csv:/home/datalog-benchmarking/datalog-benchmarking/datasets/doctors/vadalog/data/1000000/physician.data treatment:csv:/home/datalog-benchmarking/datalog-benchmarking/datasets/doctors/vadalog/data/1000000/treatment.data --working-dir results/chasebench/doctors/vadalog/1000000/q05/run-2 --set terminationStrategyMode=lightMode
doctors	2023-03-12 19:42:41.825031	0	0010000	q06	success	  1.876063	6998	/home/datalog-benchmarking/datalog-benchmarking/bin/vadalog-wrapper --program /home/datalog-benchmarking/datalog-benchmarking/datasets/doctors/vadalog/queries/q06.txt --bind medprescription:csv:/home/datalog-benchmarking/datalog-benchmarking/datasets/doctors/vadalog/data/0010000/medprescription.data hospital:csv:/home/datalog-benchmarking/datalog-benchmarking/datasets/doctors/vadalog/data/0010000/hospital.data physician:csv:/home/datalog-benchmarking/datalog-benchmarking/datasets/doctors/vadalog/data/0010000/physician.data treatment:csv:/home/datalog-benchmarking/datalog-benchmarking/datasets/doctors/vadalog/data/0010000/treatment.data --working-dir results/chasebench/doctors/vadalog/0010000/q06/run-0 --set terminationStrategyMode=lightMode
doctors	2023-03-12 19:42:50.301668	1	0010000	q06	success	  2.086917	6998	/home/datalog-benchmarking/datalog-benchmarking/bin/vadalog-wrapper --program /home/datalog-benchmarking/datalog-benchmarking/datasets/doctors/vadalog/queries/q06.txt --bind medprescription:csv:/home/datalog-benchmarking/datalog-benchmarking/datasets/doctors/vadalog/data/0010000/medprescription.data hospital:csv:/home/datalog-benchmarking/datalog-benchmarking/datasets/doctors/vadalog/data/0010000/hospital.data physician:csv:/home/datalog-benchmarking/datalog-benchmarking/datasets/doctors/vadalog/data/0010000/physician.data treatment:csv:/home/datalog-benchmarking/datalog-benchmarking/datasets/doctors/vadalog/data/0010000/treatment.data --working-dir results/chasebench/doctors/vadalog/0010000/q06/run-1 --set terminationStrategyMode=lightMode
doctors	2023-03-12 19:42:59.035835	2	0010000	q06	success	  1.982446	6998	/home/datalog-benchmarking/datalog-benchmarking/bin/vadalog-wrapper --program /home/datalog-benchmarking/datalog-benchmarking/datasets/doctors/vadalog/queries/q06.txt --bind medprescription:csv:/home/datalog-benchmarking/datalog-benchmarking/datasets/doctors/vadalog/data/0010000/medprescription.data hospital:csv:/home/datalog-benchmarking/datalog-benchmarking/datasets/doctors/vadalog/data/0010000/hospital.data physician:csv:/home/datalog-benchmarking/datalog-benchmarking/datasets/doctors/vadalog/data/0010000/physician.data treatment:csv:/home/datalog-benchmarking/datalog-benchmarking/datasets/doctors/vadalog/data/0010000/treatment.data --working-dir results/chasebench/doctors/vadalog/0010000/q06/run-2 --set terminationStrategyMode=lightMode
doctors	2023-03-12 19:43:07.644492	0	0100000	q06	success	  6.740112	79000	/home/datalog-benchmarking/datalog-benchmarking/bin/vadalog-wrapper --program /home/datalog-benchmarking/datalog-benchmarking/datasets/doctors/vadalog/queries/q06.txt --bind medprescription:csv:/home/datalog-benchmarking/datalog-benchmarking/datasets/doctors/vadalog/data/0100000/medprescription.data hospital:csv:/home/datalog-benchmarking/datalog-benchmarking/datasets/doctors/vadalog/data/0100000/hospital.data physician:csv:/home/datalog-benchmarking/datalog-benchmarking/datasets/doctors/vadalog/data/0100000/physician.data treatment:csv:/home/datalog-benchmarking/datalog-benchmarking/datasets/doctors/vadalog/data/0100000/treatment.data --working-dir results/chasebench/doctors/vadalog/0100000/q06/run-0 --set terminationStrategyMode=lightMode
doctors	2023-03-12 19:43:20.994397	1	0100000	q06	success	  6.204515	79000	/home/datalog-benchmarking/datalog-benchmarking/bin/vadalog-wrapper --program /home/datalog-benchmarking/datalog-benchmarking/datasets/doctors/vadalog/queries/q06.txt --bind medprescription:csv:/home/datalog-benchmarking/datalog-benchmarking/datasets/doctors/vadalog/data/0100000/medprescription.data hospital:csv:/home/datalog-benchmarking/datalog-benchmarking/datasets/doctors/vadalog/data/0100000/hospital.data physician:csv:/home/datalog-benchmarking/datalog-benchmarking/datasets/doctors/vadalog/data/0100000/physician.data treatment:csv:/home/datalog-benchmarking/datalog-benchmarking/datasets/doctors/vadalog/data/0100000/treatment.data --working-dir results/chasebench/doctors/vadalog/0100000/q06/run-1 --set terminationStrategyMode=lightMode
doctors	2023-03-12 19:43:33.868209	2	0100000	q06	success	  6.156387	79000	/home/datalog-benchmarking/datalog-benchmarking/bin/vadalog-wrapper --program /home/datalog-benchmarking/datalog-benchmarking/datasets/doctors/vadalog/queries/q06.txt --bind medprescription:csv:/home/datalog-benchmarking/datalog-benchmarking/datasets/doctors/vadalog/data/0100000/medprescription.data hospital:csv:/home/datalog-benchmarking/datalog-benchmarking/datasets/doctors/vadalog/data/0100000/hospital.data physician:csv:/home/datalog-benchmarking/datalog-benchmarking/datasets/doctors/vadalog/data/0100000/physician.data treatment:csv:/home/datalog-benchmarking/datalog-benchmarking/datasets/doctors/vadalog/data/0100000/treatment.data --working-dir results/chasebench/doctors/vadalog/0100000/q06/run-2 --set terminationStrategyMode=lightMode
doctors	2023-03-12 19:43:46.676222	0	0500000	q06	success	 10.573791	200000	/home/datalog-benchmarking/datalog-benchmarking/bin/vadalog-wrapper --program /home/datalog-benchmarking/datalog-benchmarking/datasets/doctors/vadalog/queries/q06.txt --bind medprescription:csv:/home/datalog-benchmarking/datalog-benchmarking/datasets/doctors/vadalog/data/0500000/medprescription.data hospital:csv:/home/datalog-benchmarking/datalog-benchmarking/datasets/doctors/vadalog/data/0500000/hospital.data physician:csv:/home/datalog-benchmarking/datalog-benchmarking/datasets/doctors/vadalog/data/0500000/physician.data treatment:csv:/home/datalog-benchmarking/datalog-benchmarking/datasets/doctors/vadalog/data/0500000/treatment.data --working-dir results/chasebench/doctors/vadalog/0500000/q06/run-0 --set terminationStrategyMode=lightMode
doctors	2023-03-12 19:44:03.987787	1	0500000	q06	success	 10.882866	200000	/home/datalog-benchmarking/datalog-benchmarking/bin/vadalog-wrapper --program /home/datalog-benchmarking/datalog-benchmarking/datasets/doctors/vadalog/queries/q06.txt --bind medprescription:csv:/home/datalog-benchmarking/datalog-benchmarking/datasets/doctors/vadalog/data/0500000/medprescription.data hospital:csv:/home/datalog-benchmarking/datalog-benchmarking/datasets/doctors/vadalog/data/0500000/hospital.data physician:csv:/home/datalog-benchmarking/datalog-benchmarking/datasets/doctors/vadalog/data/0500000/physician.data treatment:csv:/home/datalog-benchmarking/datalog-benchmarking/datasets/doctors/vadalog/data/0500000/treatment.data --working-dir results/chasebench/doctors/vadalog/0500000/q06/run-1 --set terminationStrategyMode=lightMode
doctors	2023-03-12 19:44:21.625977	2	0500000	q06	success	 10.909006	200000	/home/datalog-benchmarking/datalog-benchmarking/bin/vadalog-wrapper --program /home/datalog-benchmarking/datalog-benchmarking/datasets/doctors/vadalog/queries/q06.txt --bind medprescription:csv:/home/datalog-benchmarking/datalog-benchmarking/datasets/doctors/vadalog/data/0500000/medprescription.data hospital:csv:/home/datalog-benchmarking/datalog-benchmarking/datasets/doctors/vadalog/data/0500000/hospital.data physician:csv:/home/datalog-benchmarking/datalog-benchmarking/datasets/doctors/vadalog/data/0500000/physician.data treatment:csv:/home/datalog-benchmarking/datalog-benchmarking/datasets/doctors/vadalog/data/0500000/treatment.data --working-dir results/chasebench/doctors/vadalog/0500000/q06/run-2 --set terminationStrategyMode=lightMode
doctors	2023-03-12 19:44:39.301619	0	1000000	q06	success	 10.724859	200000	/home/datalog-benchmarking/datalog-benchmarking/bin/vadalog-wrapper --program /home/datalog-benchmarking/datalog-benchmarking/datasets/doctors/vadalog/queries/q06.txt --bind medprescription:csv:/home/datalog-benchmarking/datalog-benchmarking/datasets/doctors/vadalog/data/1000000/medprescription.data hospital:csv:/home/datalog-benchmarking/datalog-benchmarking/datasets/doctors/vadalog/data/1000000/hospital.data physician:csv:/home/datalog-benchmarking/datalog-benchmarking/datasets/doctors/vadalog/data/1000000/physician.data treatment:csv:/home/datalog-benchmarking/datalog-benchmarking/datasets/doctors/vadalog/data/1000000/treatment.data --working-dir results/chasebench/doctors/vadalog/1000000/q06/run-0 --set terminationStrategyMode=lightMode
doctors	2023-03-12 19:44:56.792838	1	1000000	q06	success	 10.556903	200000	/home/datalog-benchmarking/datalog-benchmarking/bin/vadalog-wrapper --program /home/datalog-benchmarking/datalog-benchmarking/datasets/doctors/vadalog/queries/q06.txt --bind medprescription:csv:/home/datalog-benchmarking/datalog-benchmarking/datasets/doctors/vadalog/data/1000000/medprescription.data hospital:csv:/home/datalog-benchmarking/datalog-benchmarking/datasets/doctors/vadalog/data/1000000/hospital.data physician:csv:/home/datalog-benchmarking/datalog-benchmarking/datasets/doctors/vadalog/data/1000000/physician.data treatment:csv:/home/datalog-benchmarking/datalog-benchmarking/datasets/doctors/vadalog/data/1000000/treatment.data --working-dir results/chasebench/doctors/vadalog/1000000/q06/run-1 --set terminationStrategyMode=lightMode
doctors	2023-03-12 19:45:14.051190	2	1000000	q06	success	 10.115933	200000	/home/datalog-benchmarking/datalog-benchmarking/bin/vadalog-wrapper --program /home/datalog-benchmarking/datalog-benchmarking/datasets/doctors/vadalog/queries/q06.txt --bind medprescription:csv:/home/datalog-benchmarking/datalog-benchmarking/datasets/doctors/vadalog/data/1000000/medprescription.data hospital:csv:/home/datalog-benchmarking/datalog-benchmarking/datasets/doctors/vadalog/data/1000000/hospital.data physician:csv:/home/datalog-benchmarking/datalog-benchmarking/datasets/doctors/vadalog/data/1000000/physician.data treatment:csv:/home/datalog-benchmarking/datalog-benchmarking/datasets/doctors/vadalog/data/1000000/treatment.data --working-dir results/chasebench/doctors/vadalog/1000000/q06/run-2 --set terminationStrategyMode=lightMode
doctors	2023-03-12 19:45:30.923907	0	0010000	q07	success	  1.526007	837	/home/datalog-benchmarking/datalog-benchmarking/bin/vadalog-wrapper --program /home/datalog-benchmarking/datalog-benchmarking/datasets/doctors/vadalog/queries/q07.txt --bind medprescription:csv:/home/datalog-benchmarking/datalog-benchmarking/datasets/doctors/vadalog/data/0010000/medprescription.data hospital:csv:/home/datalog-benchmarking/datalog-benchmarking/datasets/doctors/vadalog/data/0010000/hospital.data physician:csv:/home/datalog-benchmarking/datalog-benchmarking/datasets/doctors/vadalog/data/0010000/physician.data treatment:csv:/home/datalog-benchmarking/datalog-benchmarking/datasets/doctors/vadalog/data/0010000/treatment.data --working-dir results/chasebench/doctors/vadalog/0010000/q07/run-0 --set terminationStrategyMode=lightMode
doctors	2023-03-12 19:45:38.984862	1	0010000	q07	success	  1.825289	837	/home/datalog-benchmarking/datalog-benchmarking/bin/vadalog-wrapper --program /home/datalog-benchmarking/datalog-benchmarking/datasets/doctors/vadalog/queries/q07.txt --bind medprescription:csv:/home/datalog-benchmarking/datalog-benchmarking/datasets/doctors/vadalog/data/0010000/medprescription.data hospital:csv:/home/datalog-benchmarking/datalog-benchmarking/datasets/doctors/vadalog/data/0010000/hospital.data physician:csv:/home/datalog-benchmarking/datalog-benchmarking/datasets/doctors/vadalog/data/0010000/physician.data treatment:csv:/home/datalog-benchmarking/datalog-benchmarking/datasets/doctors/vadalog/data/0010000/treatment.data --working-dir results/chasebench/doctors/vadalog/0010000/q07/run-1 --set terminationStrategyMode=lightMode
doctors	2023-03-12 19:45:47.372698	2	0010000	q07	success	  1.624238	837	/home/datalog-benchmarking/datalog-benchmarking/bin/vadalog-wrapper --program /home/datalog-benchmarking/datalog-benchmarking/datasets/doctors/vadalog/queries/q07.txt --bind medprescription:csv:/home/datalog-benchmarking/datalog-benchmarking/datasets/doctors/vadalog/data/0010000/medprescription.data hospital:csv:/home/datalog-benchmarking/datalog-benchmarking/datasets/doctors/vadalog/data/0010000/hospital.data physician:csv:/home/datalog-benchmarking/datalog-benchmarking/datasets/doctors/vadalog/data/0010000/physician.data treatment:csv:/home/datalog-benchmarking/datalog-benchmarking/datasets/doctors/vadalog/data/0010000/treatment.data --working-dir results/chasebench/doctors/vadalog/0010000/q07/run-2 --set terminationStrategyMode=lightMode
doctors	2023-03-12 19:45:55.554399	0	0100000	q07	success	  4.183336	1000	/home/datalog-benchmarking/datalog-benchmarking/bin/vadalog-wrapper --program /home/datalog-benchmarking/datalog-benchmarking/datasets/doctors/vadalog/queries/q07.txt --bind medprescription:csv:/home/datalog-benchmarking/datalog-benchmarking/datasets/doctors/vadalog/data/0100000/medprescription.data hospital:csv:/home/datalog-benchmarking/datalog-benchmarking/datasets/doctors/vadalog/data/0100000/hospital.data physician:csv:/home/datalog-benchmarking/datalog-benchmarking/datasets/doctors/vadalog/data/0100000/physician.data treatment:csv:/home/datalog-benchmarking/datalog-benchmarking/datasets/doctors/vadalog/data/0100000/treatment.data --working-dir results/chasebench/doctors/vadalog/0100000/q07/run-0 --set terminationStrategyMode=lightMode
doctors	2023-03-12 19:46:06.326597	1	0100000	q07	success	  3.938801	1000	/home/datalog-benchmarking/datalog-benchmarking/bin/vadalog-wrapper --program /home/datalog-benchmarking/datalog-benchmarking/datasets/doctors/vadalog/queries/q07.txt --bind medprescription:csv:/home/datalog-benchmarking/datalog-benchmarking/datasets/doctors/vadalog/data/0100000/medprescription.data hospital:csv:/home/datalog-benchmarking/datalog-benchmarking/datasets/doctors/vadalog/data/0100000/hospital.data physician:csv:/home/datalog-benchmarking/datalog-benchmarking/datasets/doctors/vadalog/data/0100000/physician.data treatment:csv:/home/datalog-benchmarking/datalog-benchmarking/datasets/doctors/vadalog/data/0100000/treatment.data --working-dir results/chasebench/doctors/vadalog/0100000/q07/run-1 --set terminationStrategyMode=lightMode
doctors	2023-03-12 19:46:16.855118	2	0100000	q07	success	  4.283725	1000	/home/datalog-benchmarking/datalog-benchmarking/bin/vadalog-wrapper --program /home/datalog-benchmarking/datalog-benchmarking/datasets/doctors/vadalog/queries/q07.txt --bind medprescription:csv:/home/datalog-benchmarking/datalog-benchmarking/datasets/doctors/vadalog/data/0100000/medprescription.data hospital:csv:/home/datalog-benchmarking/datalog-benchmarking/datasets/doctors/vadalog/data/0100000/hospital.data physician:csv:/home/datalog-benchmarking/datalog-benchmarking/datasets/doctors/vadalog/data/0100000/physician.data treatment:csv:/home/datalog-benchmarking/datalog-benchmarking/datasets/doctors/vadalog/data/0100000/treatment.data --working-dir results/chasebench/doctors/vadalog/0100000/q07/run-2 --set terminationStrategyMode=lightMode
doctors	2023-03-12 19:46:27.716591	0	0500000	q07	success	  6.042793	1000	/home/datalog-benchmarking/datalog-benchmarking/bin/vadalog-wrapper --program /home/datalog-benchmarking/datalog-benchmarking/datasets/doctors/vadalog/queries/q07.txt --bind medprescription:csv:/home/datalog-benchmarking/datalog-benchmarking/datasets/doctors/vadalog/data/0500000/medprescription.data hospital:csv:/home/datalog-benchmarking/datalog-benchmarking/datasets/doctors/vadalog/data/0500000/hospital.data physician:csv:/home/datalog-benchmarking/datalog-benchmarking/datasets/doctors/vadalog/data/0500000/physician.data treatment:csv:/home/datalog-benchmarking/datalog-benchmarking/datasets/doctors/vadalog/data/0500000/treatment.data --working-dir results/chasebench/doctors/vadalog/0500000/q07/run-0 --set terminationStrategyMode=lightMode
doctors	2023-03-12 19:46:40.391140	1	0500000	q07	success	  6.490429	1000	/home/datalog-benchmarking/datalog-benchmarking/bin/vadalog-wrapper --program /home/datalog-benchmarking/datalog-benchmarking/datasets/doctors/vadalog/queries/q07.txt --bind medprescription:csv:/home/datalog-benchmarking/datalog-benchmarking/datasets/doctors/vadalog/data/0500000/medprescription.data hospital:csv:/home/datalog-benchmarking/datalog-benchmarking/datasets/doctors/vadalog/data/0500000/hospital.data physician:csv:/home/datalog-benchmarking/datalog-benchmarking/datasets/doctors/vadalog/data/0500000/physician.data treatment:csv:/home/datalog-benchmarking/datalog-benchmarking/datasets/doctors/vadalog/data/0500000/treatment.data --working-dir results/chasebench/doctors/vadalog/0500000/q07/run-1 --set terminationStrategyMode=lightMode
doctors	2023-03-12 19:46:53.444706	2	0500000	q07	success	  6.108124	1000	/home/datalog-benchmarking/datalog-benchmarking/bin/vadalog-wrapper --program /home/datalog-benchmarking/datalog-benchmarking/datasets/doctors/vadalog/queries/q07.txt --bind medprescription:csv:/home/datalog-benchmarking/datalog-benchmarking/datasets/doctors/vadalog/data/0500000/medprescription.data hospital:csv:/home/datalog-benchmarking/datalog-benchmarking/datasets/doctors/vadalog/data/0500000/hospital.data physician:csv:/home/datalog-benchmarking/datalog-benchmarking/datasets/doctors/vadalog/data/0500000/physician.data treatment:csv:/home/datalog-benchmarking/datalog-benchmarking/datasets/doctors/vadalog/data/0500000/treatment.data --working-dir results/chasebench/doctors/vadalog/0500000/q07/run-2 --set terminationStrategyMode=lightMode
doctors	2023-03-12 19:47:06.094034	0	1000000	q07	success	  6.539053	1000	/home/datalog-benchmarking/datalog-benchmarking/bin/vadalog-wrapper --program /home/datalog-benchmarking/datalog-benchmarking/datasets/doctors/vadalog/queries/q07.txt --bind medprescription:csv:/home/datalog-benchmarking/datalog-benchmarking/datasets/doctors/vadalog/data/1000000/medprescription.data hospital:csv:/home/datalog-benchmarking/datalog-benchmarking/datasets/doctors/vadalog/data/1000000/hospital.data physician:csv:/home/datalog-benchmarking/datalog-benchmarking/datasets/doctors/vadalog/data/1000000/physician.data treatment:csv:/home/datalog-benchmarking/datalog-benchmarking/datasets/doctors/vadalog/data/1000000/treatment.data --working-dir results/chasebench/doctors/vadalog/1000000/q07/run-0 --set terminationStrategyMode=lightMode
doctors	2023-03-12 19:47:20.184884	1	1000000	q07	success	  5.735816	1000	/home/datalog-benchmarking/datalog-benchmarking/bin/vadalog-wrapper --program /home/datalog-benchmarking/datalog-benchmarking/datasets/doctors/vadalog/queries/q07.txt --bind medprescription:csv:/home/datalog-benchmarking/datalog-benchmarking/datasets/doctors/vadalog/data/1000000/medprescription.data hospital:csv:/home/datalog-benchmarking/datalog-benchmarking/datasets/doctors/vadalog/data/1000000/hospital.data physician:csv:/home/datalog-benchmarking/datalog-benchmarking/datasets/doctors/vadalog/data/1000000/physician.data treatment:csv:/home/datalog-benchmarking/datalog-benchmarking/datasets/doctors/vadalog/data/1000000/treatment.data --working-dir results/chasebench/doctors/vadalog/1000000/q07/run-1 --set terminationStrategyMode=lightMode
doctors	2023-03-12 19:47:32.488345	2	1000000	q07	success	  5.937342	1000	/home/datalog-benchmarking/datalog-benchmarking/bin/vadalog-wrapper --program /home/datalog-benchmarking/datalog-benchmarking/datasets/doctors/vadalog/queries/q07.txt --bind medprescription:csv:/home/datalog-benchmarking/datalog-benchmarking/datasets/doctors/vadalog/data/1000000/medprescription.data hospital:csv:/home/datalog-benchmarking/datalog-benchmarking/datasets/doctors/vadalog/data/1000000/hospital.data physician:csv:/home/datalog-benchmarking/datalog-benchmarking/datasets/doctors/vadalog/data/1000000/physician.data treatment:csv:/home/datalog-benchmarking/datalog-benchmarking/datasets/doctors/vadalog/data/1000000/treatment.data --working-dir results/chasebench/doctors/vadalog/1000000/q07/run-2 --set terminationStrategyMode=lightMode
doctors	2023-03-12 19:47:45.027211	0	0010000	q08	success	  2.028354	38	/home/datalog-benchmarking/datalog-benchmarking/bin/vadalog-wrapper --program /home/datalog-benchmarking/datalog-benchmarking/datasets/doctors/vadalog/queries/q08.txt --bind medprescription:csv:/home/datalog-benchmarking/datalog-benchmarking/datasets/doctors/vadalog/data/0010000/medprescription.data hospital:csv:/home/datalog-benchmarking/datalog-benchmarking/datasets/doctors/vadalog/data/0010000/hospital.data physician:csv:/home/datalog-benchmarking/datalog-benchmarking/datasets/doctors/vadalog/data/0010000/physician.data treatment:csv:/home/datalog-benchmarking/datalog-benchmarking/datasets/doctors/vadalog/data/0010000/treatment.data --working-dir results/chasebench/doctors/vadalog/0010000/q08/run-0 --set terminationStrategyMode=lightMode
doctors	2023-03-12 19:47:53.733781	1	0010000	q08	success	  2.077212	38	/home/datalog-benchmarking/datalog-benchmarking/bin/vadalog-wrapper --program /home/datalog-benchmarking/datalog-benchmarking/datasets/doctors/vadalog/queries/q08.txt --bind medprescription:csv:/home/datalog-benchmarking/datalog-benchmarking/datasets/doctors/vadalog/data/0010000/medprescription.data hospital:csv:/home/datalog-benchmarking/datalog-benchmarking/datasets/doctors/vadalog/data/0010000/hospital.data physician:csv:/home/datalog-benchmarking/datalog-benchmarking/datasets/doctors/vadalog/data/0010000/physician.data treatment:csv:/home/datalog-benchmarking/datalog-benchmarking/datasets/doctors/vadalog/data/0010000/treatment.data --working-dir results/chasebench/doctors/vadalog/0010000/q08/run-1 --set terminationStrategyMode=lightMode
doctors	2023-03-12 19:48:02.431081	2	0010000	q08	success	  1.977127	38	/home/datalog-benchmarking/datalog-benchmarking/bin/vadalog-wrapper --program /home/datalog-benchmarking/datalog-benchmarking/datasets/doctors/vadalog/queries/q08.txt --bind medprescription:csv:/home/datalog-benchmarking/datalog-benchmarking/datasets/doctors/vadalog/data/0010000/medprescription.data hospital:csv:/home/datalog-benchmarking/datalog-benchmarking/datasets/doctors/vadalog/data/0010000/hospital.data physician:csv:/home/datalog-benchmarking/datalog-benchmarking/datasets/doctors/vadalog/data/0010000/physician.data treatment:csv:/home/datalog-benchmarking/datalog-benchmarking/datasets/doctors/vadalog/data/0010000/treatment.data --working-dir results/chasebench/doctors/vadalog/0010000/q08/run-2 --set terminationStrategyMode=lightMode
doctors	2023-03-12 19:48:10.965852	0	0100000	q08	success	  1.072641	0	/home/datalog-benchmarking/datalog-benchmarking/bin/vadalog-wrapper --program /home/datalog-benchmarking/datalog-benchmarking/datasets/doctors/vadalog/queries/q08.txt --bind medprescription:csv:/home/datalog-benchmarking/datalog-benchmarking/datasets/doctors/vadalog/data/0100000/medprescription.data hospital:csv:/home/datalog-benchmarking/datalog-benchmarking/datasets/doctors/vadalog/data/0100000/hospital.data physician:csv:/home/datalog-benchmarking/datalog-benchmarking/datasets/doctors/vadalog/data/0100000/physician.data treatment:csv:/home/datalog-benchmarking/datalog-benchmarking/datasets/doctors/vadalog/data/0100000/treatment.data --working-dir results/chasebench/doctors/vadalog/0100000/q08/run-0 --set terminationStrategyMode=lightMode
doctors	2023-03-12 19:48:18.633497	1	0100000	q08	success	  1.074171	0	/home/datalog-benchmarking/datalog-benchmarking/bin/vadalog-wrapper --program /home/datalog-benchmarking/datalog-benchmarking/datasets/doctors/vadalog/queries/q08.txt --bind medprescription:csv:/home/datalog-benchmarking/datalog-benchmarking/datasets/doctors/vadalog/data/0100000/medprescription.data hospital:csv:/home/datalog-benchmarking/datalog-benchmarking/datasets/doctors/vadalog/data/0100000/hospital.data physician:csv:/home/datalog-benchmarking/datalog-benchmarking/datasets/doctors/vadalog/data/0100000/physician.data treatment:csv:/home/datalog-benchmarking/datalog-benchmarking/datasets/doctors/vadalog/data/0100000/treatment.data --working-dir results/chasebench/doctors/vadalog/0100000/q08/run-1 --set terminationStrategyMode=lightMode
doctors	2023-03-12 19:48:26.240645	2	0100000	q08	success	  0.972424	0	/home/datalog-benchmarking/datalog-benchmarking/bin/vadalog-wrapper --program /home/datalog-benchmarking/datalog-benchmarking/datasets/doctors/vadalog/queries/q08.txt --bind medprescription:csv:/home/datalog-benchmarking/datalog-benchmarking/datasets/doctors/vadalog/data/0100000/medprescription.data hospital:csv:/home/datalog-benchmarking/datalog-benchmarking/datasets/doctors/vadalog/data/0100000/hospital.data physician:csv:/home/datalog-benchmarking/datalog-benchmarking/datasets/doctors/vadalog/data/0100000/physician.data treatment:csv:/home/datalog-benchmarking/datalog-benchmarking/datasets/doctors/vadalog/data/0100000/treatment.data --working-dir results/chasebench/doctors/vadalog/0100000/q08/run-2 --set terminationStrategyMode=lightMode
doctors	2023-03-12 19:48:33.831080	0	0500000	q08	success	  1.127652	0	/home/datalog-benchmarking/datalog-benchmarking/bin/vadalog-wrapper --program /home/datalog-benchmarking/datalog-benchmarking/datasets/doctors/vadalog/queries/q08.txt --bind medprescription:csv:/home/datalog-benchmarking/datalog-benchmarking/datasets/doctors/vadalog/data/0500000/medprescription.data hospital:csv:/home/datalog-benchmarking/datalog-benchmarking/datasets/doctors/vadalog/data/0500000/hospital.data physician:csv:/home/datalog-benchmarking/datalog-benchmarking/datasets/doctors/vadalog/data/0500000/physician.data treatment:csv:/home/datalog-benchmarking/datalog-benchmarking/datasets/doctors/vadalog/data/0500000/treatment.data --working-dir results/chasebench/doctors/vadalog/0500000/q08/run-0 --set terminationStrategyMode=lightMode
doctors	2023-03-12 19:48:41.560898	1	0500000	q08	success	  1.074979	0	/home/datalog-benchmarking/datalog-benchmarking/bin/vadalog-wrapper --program /home/datalog-benchmarking/datalog-benchmarking/datasets/doctors/vadalog/queries/q08.txt --bind medprescription:csv:/home/datalog-benchmarking/datalog-benchmarking/datasets/doctors/vadalog/data/0500000/medprescription.data hospital:csv:/home/datalog-benchmarking/datalog-benchmarking/datasets/doctors/vadalog/data/0500000/hospital.data physician:csv:/home/datalog-benchmarking/datalog-benchmarking/datasets/doctors/vadalog/data/0500000/physician.data treatment:csv:/home/datalog-benchmarking/datalog-benchmarking/datasets/doctors/vadalog/data/0500000/treatment.data --working-dir results/chasebench/doctors/vadalog/0500000/q08/run-1 --set terminationStrategyMode=lightMode
doctors	2023-03-12 19:48:49.239971	2	0500000	q08	success	  0.924262	0	/home/datalog-benchmarking/datalog-benchmarking/bin/vadalog-wrapper --program /home/datalog-benchmarking/datalog-benchmarking/datasets/doctors/vadalog/queries/q08.txt --bind medprescription:csv:/home/datalog-benchmarking/datalog-benchmarking/datasets/doctors/vadalog/data/0500000/medprescription.data hospital:csv:/home/datalog-benchmarking/datalog-benchmarking/datasets/doctors/vadalog/data/0500000/hospital.data physician:csv:/home/datalog-benchmarking/datalog-benchmarking/datasets/doctors/vadalog/data/0500000/physician.data treatment:csv:/home/datalog-benchmarking/datalog-benchmarking/datasets/doctors/vadalog/data/0500000/treatment.data --working-dir results/chasebench/doctors/vadalog/0500000/q08/run-2 --set terminationStrategyMode=lightMode
doctors	2023-03-12 19:48:56.718127	0	1000000	q08	success	  0.972118	0	/home/datalog-benchmarking/datalog-benchmarking/bin/vadalog-wrapper --program /home/datalog-benchmarking/datalog-benchmarking/datasets/doctors/vadalog/queries/q08.txt --bind medprescription:csv:/home/datalog-benchmarking/datalog-benchmarking/datasets/doctors/vadalog/data/1000000/medprescription.data hospital:csv:/home/datalog-benchmarking/datalog-benchmarking/datasets/doctors/vadalog/data/1000000/hospital.data physician:csv:/home/datalog-benchmarking/datalog-benchmarking/datasets/doctors/vadalog/data/1000000/physician.data treatment:csv:/home/datalog-benchmarking/datalog-benchmarking/datasets/doctors/vadalog/data/1000000/treatment.data --working-dir results/chasebench/doctors/vadalog/1000000/q08/run-0 --set terminationStrategyMode=lightMode
doctors	2023-03-12 19:49:04.375164	1	1000000	q08	success	  1.073416	0	/home/datalog-benchmarking/datalog-benchmarking/bin/vadalog-wrapper --program /home/datalog-benchmarking/datalog-benchmarking/datasets/doctors/vadalog/queries/q08.txt --bind medprescription:csv:/home/datalog-benchmarking/datalog-benchmarking/datasets/doctors/vadalog/data/1000000/medprescription.data hospital:csv:/home/datalog-benchmarking/datalog-benchmarking/datasets/doctors/vadalog/data/1000000/hospital.data physician:csv:/home/datalog-benchmarking/datalog-benchmarking/datasets/doctors/vadalog/data/1000000/physician.data treatment:csv:/home/datalog-benchmarking/datalog-benchmarking/datasets/doctors/vadalog/data/1000000/treatment.data --working-dir results/chasebench/doctors/vadalog/1000000/q08/run-1 --set terminationStrategyMode=lightMode
doctors	2023-03-12 19:49:12.031514	2	1000000	q08	success	  1.027322	0	/home/datalog-benchmarking/datalog-benchmarking/bin/vadalog-wrapper --program /home/datalog-benchmarking/datalog-benchmarking/datasets/doctors/vadalog/queries/q08.txt --bind medprescription:csv:/home/datalog-benchmarking/datalog-benchmarking/datasets/doctors/vadalog/data/1000000/medprescription.data hospital:csv:/home/datalog-benchmarking/datalog-benchmarking/datasets/doctors/vadalog/data/1000000/hospital.data physician:csv:/home/datalog-benchmarking/datalog-benchmarking/datasets/doctors/vadalog/data/1000000/physician.data treatment:csv:/home/datalog-benchmarking/datalog-benchmarking/datasets/doctors/vadalog/data/1000000/treatment.data --working-dir results/chasebench/doctors/vadalog/1000000/q08/run-2 --set terminationStrategyMode=lightMode
doctors	2023-03-12 19:49:19.666444	0	0010000	q09	success	  1.976864	38	/home/datalog-benchmarking/datalog-benchmarking/bin/vadalog-wrapper --program /home/datalog-benchmarking/datalog-benchmarking/datasets/doctors/vadalog/queries/q09.txt --bind medprescription:csv:/home/datalog-benchmarking/datalog-benchmarking/datasets/doctors/vadalog/data/0010000/medprescription.data hospital:csv:/home/datalog-benchmarking/datalog-benchmarking/datasets/doctors/vadalog/data/0010000/hospital.data physician:csv:/home/datalog-benchmarking/datalog-benchmarking/datasets/doctors/vadalog/data/0010000/physician.data treatment:csv:/home/datalog-benchmarking/datalog-benchmarking/datasets/doctors/vadalog/data/0010000/treatment.data --working-dir results/chasebench/doctors/vadalog/0010000/q09/run-0 --set terminationStrategyMode=lightMode
doctors	2023-03-12 19:49:28.280336	1	0010000	q09	success	  2.026813	38	/home/datalog-benchmarking/datalog-benchmarking/bin/vadalog-wrapper --program /home/datalog-benchmarking/datalog-benchmarking/datasets/doctors/vadalog/queries/q09.txt --bind medprescription:csv:/home/datalog-benchmarking/datalog-benchmarking/datasets/doctors/vadalog/data/0010000/medprescription.data hospital:csv:/home/datalog-benchmarking/datalog-benchmarking/datasets/doctors/vadalog/data/0010000/hospital.data physician:csv:/home/datalog-benchmarking/datalog-benchmarking/datasets/doctors/vadalog/data/0010000/physician.data treatment:csv:/home/datalog-benchmarking/datalog-benchmarking/datasets/doctors/vadalog/data/0010000/treatment.data --working-dir results/chasebench/doctors/vadalog/0010000/q09/run-1 --set terminationStrategyMode=lightMode
doctors	2023-03-12 19:49:36.923295	2	0010000	q09	success	  1.778886	38	/home/datalog-benchmarking/datalog-benchmarking/bin/vadalog-wrapper --program /home/datalog-benchmarking/datalog-benchmarking/datasets/doctors/vadalog/queries/q09.txt --bind medprescription:csv:/home/datalog-benchmarking/datalog-benchmarking/datasets/doctors/vadalog/data/0010000/medprescription.data hospital:csv:/home/datalog-benchmarking/datalog-benchmarking/datasets/doctors/vadalog/data/0010000/hospital.data physician:csv:/home/datalog-benchmarking/datalog-benchmarking/datasets/doctors/vadalog/data/0010000/physician.data treatment:csv:/home/datalog-benchmarking/datalog-benchmarking/datasets/doctors/vadalog/data/0010000/treatment.data --working-dir results/chasebench/doctors/vadalog/0010000/q09/run-2 --set terminationStrategyMode=lightMode
doctors	2023-03-12 19:49:45.262665	0	0100000	q09	success	  0.922018	0	/home/datalog-benchmarking/datalog-benchmarking/bin/vadalog-wrapper --program /home/datalog-benchmarking/datalog-benchmarking/datasets/doctors/vadalog/queries/q09.txt --bind medprescription:csv:/home/datalog-benchmarking/datalog-benchmarking/datasets/doctors/vadalog/data/0100000/medprescription.data hospital:csv:/home/datalog-benchmarking/datalog-benchmarking/datasets/doctors/vadalog/data/0100000/hospital.data physician:csv:/home/datalog-benchmarking/datalog-benchmarking/datasets/doctors/vadalog/data/0100000/physician.data treatment:csv:/home/datalog-benchmarking/datalog-benchmarking/datasets/doctors/vadalog/data/0100000/treatment.data --working-dir results/chasebench/doctors/vadalog/0100000/q09/run-0 --set terminationStrategyMode=lightMode
doctors	2023-03-12 19:49:52.841825	1	0100000	q09	success	  1.174666	0	/home/datalog-benchmarking/datalog-benchmarking/bin/vadalog-wrapper --program /home/datalog-benchmarking/datalog-benchmarking/datasets/doctors/vadalog/queries/q09.txt --bind medprescription:csv:/home/datalog-benchmarking/datalog-benchmarking/datasets/doctors/vadalog/data/0100000/medprescription.data hospital:csv:/home/datalog-benchmarking/datalog-benchmarking/datasets/doctors/vadalog/data/0100000/hospital.data physician:csv:/home/datalog-benchmarking/datalog-benchmarking/datasets/doctors/vadalog/data/0100000/physician.data treatment:csv:/home/datalog-benchmarking/datalog-benchmarking/datasets/doctors/vadalog/data/0100000/treatment.data --working-dir results/chasebench/doctors/vadalog/0100000/q09/run-1 --set terminationStrategyMode=lightMode
doctors	2023-03-12 19:50:00.558134	2	0100000	q09	success	  0.922000	0	/home/datalog-benchmarking/datalog-benchmarking/bin/vadalog-wrapper --program /home/datalog-benchmarking/datalog-benchmarking/datasets/doctors/vadalog/queries/q09.txt --bind medprescription:csv:/home/datalog-benchmarking/datalog-benchmarking/datasets/doctors/vadalog/data/0100000/medprescription.data hospital:csv:/home/datalog-benchmarking/datalog-benchmarking/datasets/doctors/vadalog/data/0100000/hospital.data physician:csv:/home/datalog-benchmarking/datalog-benchmarking/datasets/doctors/vadalog/data/0100000/physician.data treatment:csv:/home/datalog-benchmarking/datalog-benchmarking/datasets/doctors/vadalog/data/0100000/treatment.data --working-dir results/chasebench/doctors/vadalog/0100000/q09/run-2 --set terminationStrategyMode=lightMode
doctors	2023-03-12 19:50:08.083813	0	0500000	q09	success	  0.973136	0	/home/datalog-benchmarking/datalog-benchmarking/bin/vadalog-wrapper --program /home/datalog-benchmarking/datalog-benchmarking/datasets/doctors/vadalog/queries/q09.txt --bind medprescription:csv:/home/datalog-benchmarking/datalog-benchmarking/datasets/doctors/vadalog/data/0500000/medprescription.data hospital:csv:/home/datalog-benchmarking/datalog-benchmarking/datasets/doctors/vadalog/data/0500000/hospital.data physician:csv:/home/datalog-benchmarking/datalog-benchmarking/datasets/doctors/vadalog/data/0500000/physician.data treatment:csv:/home/datalog-benchmarking/datalog-benchmarking/datasets/doctors/vadalog/data/0500000/treatment.data --working-dir results/chasebench/doctors/vadalog/0500000/q09/run-0 --set terminationStrategyMode=lightMode
doctors	2023-03-12 19:50:15.656806	1	0500000	q09	success	  1.124375	0	/home/datalog-benchmarking/datalog-benchmarking/bin/vadalog-wrapper --program /home/datalog-benchmarking/datalog-benchmarking/datasets/doctors/vadalog/queries/q09.txt --bind medprescription:csv:/home/datalog-benchmarking/datalog-benchmarking/datasets/doctors/vadalog/data/0500000/medprescription.data hospital:csv:/home/datalog-benchmarking/datalog-benchmarking/datasets/doctors/vadalog/data/0500000/hospital.data physician:csv:/home/datalog-benchmarking/datalog-benchmarking/datasets/doctors/vadalog/data/0500000/physician.data treatment:csv:/home/datalog-benchmarking/datalog-benchmarking/datasets/doctors/vadalog/data/0500000/treatment.data --working-dir results/chasebench/doctors/vadalog/0500000/q09/run-1 --set terminationStrategyMode=lightMode
doctors	2023-03-12 19:50:23.349984	2	0500000	q09	success	  0.973906	0	/home/datalog-benchmarking/datalog-benchmarking/bin/vadalog-wrapper --program /home/datalog-benchmarking/datalog-benchmarking/datasets/doctors/vadalog/queries/q09.txt --bind medprescription:csv:/home/datalog-benchmarking/datalog-benchmarking/datasets/doctors/vadalog/data/0500000/medprescription.data hospital:csv:/home/datalog-benchmarking/datalog-benchmarking/datasets/doctors/vadalog/data/0500000/hospital.data physician:csv:/home/datalog-benchmarking/datalog-benchmarking/datasets/doctors/vadalog/data/0500000/physician.data treatment:csv:/home/datalog-benchmarking/datalog-benchmarking/datasets/doctors/vadalog/data/0500000/treatment.data --working-dir results/chasebench/doctors/vadalog/0500000/q09/run-2 --set terminationStrategyMode=lightMode
doctors	2023-03-12 19:50:30.919077	0	1000000	q09	success	  1.024058	0	/home/datalog-benchmarking/datalog-benchmarking/bin/vadalog-wrapper --program /home/datalog-benchmarking/datalog-benchmarking/datasets/doctors/vadalog/queries/q09.txt --bind medprescription:csv:/home/datalog-benchmarking/datalog-benchmarking/datasets/doctors/vadalog/data/1000000/medprescription.data hospital:csv:/home/datalog-benchmarking/datalog-benchmarking/datasets/doctors/vadalog/data/1000000/hospital.data physician:csv:/home/datalog-benchmarking/datalog-benchmarking/datasets/doctors/vadalog/data/1000000/physician.data treatment:csv:/home/datalog-benchmarking/datalog-benchmarking/datasets/doctors/vadalog/data/1000000/treatment.data --working-dir results/chasebench/doctors/vadalog/1000000/q09/run-0 --set terminationStrategyMode=lightMode
doctors	2023-03-12 19:50:38.560117	1	1000000	q09	success	  1.174863	0	/home/datalog-benchmarking/datalog-benchmarking/bin/vadalog-wrapper --program /home/datalog-benchmarking/datalog-benchmarking/datasets/doctors/vadalog/queries/q09.txt --bind medprescription:csv:/home/datalog-benchmarking/datalog-benchmarking/datasets/doctors/vadalog/data/1000000/medprescription.data hospital:csv:/home/datalog-benchmarking/datalog-benchmarking/datasets/doctors/vadalog/data/1000000/hospital.data physician:csv:/home/datalog-benchmarking/datalog-benchmarking/datasets/doctors/vadalog/data/1000000/physician.data treatment:csv:/home/datalog-benchmarking/datalog-benchmarking/datasets/doctors/vadalog/data/1000000/treatment.data --working-dir results/chasebench/doctors/vadalog/1000000/q09/run-1 --set terminationStrategyMode=lightMode
doctors	2023-03-12 19:50:46.348243	2	1000000	q09	success	  1.225271	0	/home/datalog-benchmarking/datalog-benchmarking/bin/vadalog-wrapper --program /home/datalog-benchmarking/datalog-benchmarking/datasets/doctors/vadalog/queries/q09.txt --bind medprescription:csv:/home/datalog-benchmarking/datalog-benchmarking/datasets/doctors/vadalog/data/1000000/medprescription.data hospital:csv:/home/datalog-benchmarking/datalog-benchmarking/datasets/doctors/vadalog/data/1000000/hospital.data physician:csv:/home/datalog-benchmarking/datalog-benchmarking/datasets/doctors/vadalog/data/1000000/physician.data treatment:csv:/home/datalog-benchmarking/datalog-benchmarking/datasets/doctors/vadalog/data/1000000/treatment.data --working-dir results/chasebench/doctors/vadalog/1000000/q09/run-2 --set terminationStrategyMode=lightMode
